Afinidad,Mandelbrot,Convolucion,HistogramaLocal
sin_afinidad,3.4916,2.34834,0.00467129
close,2.33695,1.78161,0.00417389
spread,2.32473,1.85619,0.00372992
