Afinidad,Mandelbrot,Convolucion,HistogramaLocal
sin_afinidad,3.8514,2.13867,0.00489155
close,2.37836,1.82152,0.00373401
spread,2.32778,1.81971,0.00396655
