Hilos,Mandelbrot,Convolucion
1,8.88915,6.50808
2,4.49,3.88008
4,4.46258,2.29776
8,3.72114,2.26208 
